video,frame,timestamp,x_cm,y_cm,robot_yaw,interpolated
Simulation_K10,0,0.0,61.0,61.0,90.0,0
Simulation_K10,1,0.03333333333333333,61.008575,60.903015,90.0,0
Simulation_K10,2,0.06666666666666667,61.01506,60.815193,90.0,0
Simulation_K10,3,0.1,61.020206,60.738155,90.0,0
Simulation_K10,4,0.13333333333333333,61.024296,60.67879,90.0,0
Simulation_K10,5,0.16666666666666666,61.028915,60.628654,90.0,0
Simulation_K10,6,0.2,61.033676,60.592506,90.0,0
Simulation_K10,7,0.23333333333333334,61.039684,60.577377,90.0,0
Simulation_K10,8,0.26666666666666666,61.047356,60.565975,90.0,0
Simulation_K10,9,0.3,61.056545,60.57621,90.0,0
Simulation_K10,10,0.3333333333333333,61.067852,60.59181,90.0,0
Simulation_K10,11,0.36666666666666664,61.081635,60.618847,90.0,0
Simulation_K10,12,0.4,61.09734,60.65919,90.0,0
Simulation_K10,13,0.43333333333333335,61.11478,60.698673,90.0,0
Simulation_K10,14,0.4666666666666667,61.13438,60.746204,90.0,0
Simulation_K10,15,0.5,61.1549,60.79813,90.0,0
Simulation_K10,16,0.5333333333333333,61.176937,60.849182,90.0,0
Simulation_K10,17,0.5666666666666667,61.19974,60.89765,90.0,0
Simulation_K10,18,0.6,61.22425,60.94953,90.0,0
Simulation_K10,19,0.6333333333333333,61.249207,60.99246,90.0,0
Simulation_K10,20,0.6666666666666666,61.27464,61.0341,90.0,0
Simulation_K10,21,0.7,61.30065,61.07192,90.0,0
Simulation_K10,22,0.7333333333333333,61.326263,61.098984,90.0,0
Simulation_K10,23,0.7666666666666667,61.351715,61.126774,90.0,0
Simulation_K10,24,0.8,61.37612,61.143093,90.0,0
Simulation_K10,25,0.8333333333333334,61.39959,61.155384,90.0,0
Simulation_K10,26,0.8666666666666667,61.42057,61.163574,90.0,0
Simulation_K10,27,0.9,61.438656,61.16285,90.0,0
Simulation_K10,28,0.9333333333333333,61.454624,61.15809,90.0,0
Simulation_K10,29,0.9666666666666667,61.468403,61.14993,90.0,0
Simulation_K10,30,1.0,61.47778,61.136536,90.0,0
Simulation_K10,31,1.0333333333333334,61.483707,61.116627,90.0,0
Simulation_K10,32,1.0666666666666667,61.48653,61.098915,90.0,0
Simulation_K10,33,1.1,61.484764,61.073826,90.0,0
Simulation_K10,34,1.1333333333333333,61.478928,61.04916,90.0,0
Simulation_K10,35,1.1666666666666667,61.468594,61.024254,90.0,0
Simulation_K10,36,1.2,61.453293,60.995464,90.0,0
Simulation_K10,37,1.2333333333333334,61.433002,60.971325,90.0,0
Simulation_K10,38,1.2666666666666666,61.407322,60.944836,90.0,0
Simulation_K10,39,1.3,61.37665,60.92004,90.0,0
Simulation_K10,40,1.3333333333333333,61.34076,60.898926,90.0,0
Simulation_K10,41,1.3666666666666667,61.29924,60.878483,90.0,0
Simulation_K10,42,1.4,61.25303,60.860126,90.0,0
Simulation_K10,43,1.4333333333333333,61.20181,60.84717,90.0,0
Simulation_K10,44,1.4666666666666666,61.145412,60.835358,90.0,0
Simulation_K10,45,1.5,61.084763,60.825047,90.0,0
Simulation_K10,46,1.5333333333333334,61.019897,60.82244,90.0,0
Simulation_K10,47,1.5666666666666667,60.951355,60.81747,90.0,0
Simulation_K10,48,1.6,60.878925,60.817715,90.0,0
Simulation_K10,49,1.6333333333333333,60.804115,60.82068,90.0,0
Simulation_K10,50,1.6666666666666667,60.72756,60.823193,90.0,0
Simulation_K10,51,1.7,60.648457,60.83077,90.0,0
Simulation_K10,52,1.7333333333333334,60.568485,60.836533,90.0,0
Simulation_K10,53,1.7666666666666666,60.488205,60.844055,90.0,0
Simulation_K10,54,1.8,60.407433,60.85306,90.0,0
Simulation_K10,55,1.8333333333333333,60.3267,60.86106,90.0,0
Simulation_K10,56,1.8666666666666667,60.247402,60.867664,90.0,0
Simulation_K10,57,1.9,60.16973,60.876427,90.0,0
Simulation_K10,58,1.9333333333333333,60.09489,60.88179,90.0,0
Simulation_K10,59,1.9666666666666666,60.02297,60.88539,90.0,0
Simulation_K10,60,2.0,59.955025,60.89127,90.0,0
Simulation_K10,61,2.033333333333333,59.892178,60.892044,90.0,0
Simulation_K10,62,2.066666666666667,59.833675,60.893898,90.0,0
Simulation_K10,63,2.1,59.780334,60.894035,90.0,0
Simulation_K10,64,2.1333333333333333,59.731686,60.892185,90.0,0
Simulation_K10,65,2.1666666666666665,59.687107,60.891144,90.0,0
Simulation_K10,66,2.2,59.64685,60.88748,90.0,0
Simulation_K10,67,2.2333333333333334,59.610626,60.883877,90.0,0
Simulation_K10,68,2.2666666666666666,59.578064,60.880863,90.0,0
Simulation_K10,69,2.3,59.549324,60.877415,90.0,0
Simulation_K10,70,2.3333333333333335,59.524467,60.872917,90.0,0
Simulation_K10,71,2.3666666666666667,59.503483,60.87188,90.0,0
Simulation_K10,72,2.4,59.48632,60.869583,90.0,0
Simulation_K10,73,2.433333333333333,59.472847,60.868267,90.0,0
Simulation_K10,74,2.466666666666667,59.463486,60.870502,90.0,0
Simulation_K10,75,2.5,59.457794,60.87166,90.0,0
Simulation_K10,76,2.533333333333333,59.455723,60.876,90.0,0
Simulation_K10,77,2.566666666666667,59.457294,60.881565,90.0,0
Simulation_K10,78,2.6,59.462425,60.88827,90.0,0
Simulation_K10,79,2.6333333333333333,59.470955,60.89706,90.0,0
Simulation_K10,80,2.6666666666666665,59.482735,60.90668,90.0,0
Simulation_K10,81,2.7,59.497658,60.917095,90.0,0
Simulation_K10,82,2.7333333333333334,59.515842,60.929123,90.0,0
Simulation_K10,83,2.7666666666666666,59.536938,60.94142,90.0,0
Simulation_K10,84,2.8,59.561043,60.952686,90.0,0
Simulation_K10,85,2.8333333333333335,59.587914,60.966442,90.0,0
Simulation_K10,86,2.8666666666666667,59.617382,60.97809,90.0,0
Simulation_K10,87,2.9,59.649876,60.989204,90.0,0
Simulation_K10,88,2.933333333333333,59.684875,61.00121,90.0,0
Simulation_K10,89,2.966666666666667,59.722042,61.01046,90.0,0
Simulation_K10,90,3.0,59.761944,61.01967,90.0,0
Simulation_K10,91,3.033333333333333,59.80463,61.027702,90.0,0
Simulation_K10,92,3.066666666666667,59.84974,61.03409,90.0,0
Simulation_K10,93,3.1,59.897034,61.03965,90.0,0
Simulation_K10,94,3.1333333333333333,59.946793,61.043743,90.0,0
Simulation_K10,95,3.1666666666666665,59.999107,61.046032,90.0,0
Simulation_K10,96,3.2,60.05314,61.048138,90.0,0
Simulation_K10,97,3.2333333333333334,60.108665,61.048363,90.0,0
Simulation_K10,98,3.2666666666666666,60.16613,61.046654,90.0,0
Simulation_K10,99,3.3,60.22513,61.04604,90.0,0
Simulation_K10,100,3.3333333333333335,60.28503,61.04301,90.0,0
Simulation_K10,101,3.3666666666666667,60.34631,61.039494,90.0,0
Simulation_K10,102,3.4,60.40915,61.03672,90.0,0
Simulation_K10,103,3.433333333333333,60.473072,61.03285,90.0,0
Simulation_K10,104,3.466666666666667,60.537636,61.02954,90.0,0
Simulation_K10,105,3.5,60.60329,61.02648,90.0,0
Simulation_K10,106,3.533333333333333,60.670105,61.023872,90.0,0
Simulation_K10,107,3.566666666666667,60.73738,61.022392,90.0,0
Simulation_K10,108,3.6,60.804882,61.021725,90.0,0
Simulation_K10,109,3.6333333333333333,60.873142,61.021732,90.0,0
Simulation_K10,110,3.6666666666666665,60.942123,61.023674,90.0,0
Simulation_K10,111,3.7,61.01158,61.026325,90.0,0
Simulation_K10,112,3.7333333333333334,61.081562,61.029648,90.0,0
Simulation_K10,113,3.7666666666666666,61.151752,61.03533,90.0,0
Simulation_K10,114,3.8,61.221706,61.040684,90.0,0
Simulation_K10,115,3.8333333333333335,61.291176,61.046963,90.0,0
Simulation_K10,116,3.8666666666666667,61.36049,61.054455,90.0,0
Simulation_K10,117,3.9,61.42909,61.061882,90.0,0
Simulation_K10,118,3.933333333333333,61.496746,61.069332,90.0,0
Simulation_K10,119,3.966666666666667,61.563614,61.076782,90.0,0
Simulation_K10,120,4.0,61.629753,61.084156,90.0,0
Simulation_K10,121,4.033333333333333,61.694977,61.09101,90.0,0
Simulation_K10,122,4.066666666666666,61.759136,61.097374,90.0,0
Simulation_K10,123,4.1,61.822216,61.10269,90.0,0
Simulation_K10,124,4.133333333333334,61.884174,61.107853,90.0,0
Simulation_K10,125,4.166666666666667,61.94465,61.111603,90.0,0
Simulation_K10,126,4.2,62.003666,61.1141,90.0,0
Simulation_K10,127,4.233333333333333,62.06142,61.116467,90.0,0
Simulation_K10,128,4.266666666666667,62.11739,61.117237,90.0,0
Simulation_K10,129,4.3,62.17124,61.117123,90.0,0
Simulation_K10,130,4.333333333333333,62.222576,61.116543,90.0,0
Simulation_K10,131,4.366666666666666,62.271206,61.11512,90.0,0
Simulation_K10,132,4.4,62.3169,61.113045,90.0,0
Simulation_K10,133,4.433333333333334,62.35954,61.110573,90.0,0
Simulation_K10,134,4.466666666666667,62.39889,61.10771,90.0,0
Simulation_K10,135,4.5,62.43476,61.10473,90.0,0
Simulation_K10,136,4.533333333333333,62.467056,61.101677,90.0,0
Simulation_K10,137,4.566666666666666,62.495586,61.09864,90.0,0
Simulation_K10,138,4.6,62.52026,61.09649,90.0,0
Simulation_K10,139,4.633333333333334,62.541023,61.09436,90.0,0
Simulation_K10,140,4.666666666666667,62.557945,61.092648,90.0,0
Simulation_K10,141,4.7,62.570694,61.0922,90.0,0
Simulation_K10,142,4.733333333333333,62.57901,61.09216,90.0,0
Simulation_K10,143,4.766666666666667,62.58298,61.093002,90.0,0
Simulation_K10,144,4.8,62.58259,61.095074,90.0,0
Simulation_K10,145,4.833333333333333,62.577633,61.097935,90.0,0
Simulation_K10,146,4.866666666666666,62.56801,61.10179,90.0,0
Simulation_K10,147,4.9,62.553905,61.10661,90.0,0
Simulation_K10,148,4.933333333333334,62.53531,61.112373,90.0,0
Simulation_K10,149,4.966666666666667,62.51189,61.11909,90.0,0
Simulation_K10,150,5.0,62.483707,61.12657,90.0,0
Simulation_K10,151,5.033333333333333,62.450775,61.134735,90.0,0
Simulation_K10,152,5.066666666666666,62.412876,61.14376,90.0,0
Simulation_K10,153,5.1,62.370083,61.15313,90.0,0
Simulation_K10,154,5.133333333333334,62.32265,61.162975,90.0,0
Simulation_K10,155,5.166666666666667,62.27064,61.17341,90.0,0
Simulation_K10,156,5.2,62.21392,61.183838,90.0,0
Simulation_K10,157,5.233333333333333,62.152645,61.194298,90.0,0
Simulation_K10,158,5.266666666666667,62.08699,61.205055,90.0,0
Simulation_K10,159,5.3,62.016872,61.21556,90.0,0
Simulation_K10,160,5.333333333333333,61.942463,61.22579,90.0,0
Simulation_K10,161,5.366666666666666,61.8642,61.235695,90.0,0
Simulation_K10,162,5.4,61.78229,61.24521,90.0,0
Simulation_K10,163,5.433333333333334,61.696915,61.25413,90.0,0
Simulation_K10,164,5.466666666666667,61.608486,61.262276,90.0,0
Simulation_K10,165,5.5,61.51762,61.269775,90.0,0
Simulation_K10,166,5.533333333333333,61.42447,61.276623,90.0,0
Simulation_K10,167,5.566666666666666,61.328964,61.282383,90.0,0
Simulation_K10,168,5.6,61.23173,61.287373,90.0,0
Simulation_K10,169,5.633333333333334,61.133156,61.29165,90.0,0
Simulation_K10,170,5.666666666666667,61.03345,61.294975,90.0,0
Simulation_K10,171,5.7,60.932915,61.2974,90.0,0
Simulation_K10,172,5.733333333333333,60.83205,61.299007,90.0,0
Simulation_K10,173,5.766666666666667,60.73115,61.299744,90.0,0
Simulation_K10,174,5.8,60.63041,61.29977,90.0,0
Simulation_K10,175,5.833333333333333,60.530262,61.29901,90.0,0
Simulation_K10,176,5.866666666666666,60.431084,61.297684,90.0,0
Simulation_K10,177,5.9,60.333202,61.29579,90.0,0
Simulation_K10,178,5.933333333333334,60.23704,61.29335,90.0,0
Simulation_K10,179,5.966666666666667,60.14309,61.29056,90.0,0
Simulation_K10,180,6.0,60.0517,61.287567,90.0,0
Simulation_K10,181,6.033333333333333,59.96321,61.28413,90.0,0
Simulation_K10,182,6.066666666666666,59.877937,61.280552,90.0,0
Simulation_K10,183,6.1,59.795994,61.276833,90.0,0
Simulation_K10,184,6.133333333333334,59.717564,61.272644,90.0,0
Simulation_K10,185,6.166666666666667,59.643047,61.26819,90.0,0
Simulation_K10,186,6.2,59.57267,61.263584,90.0,0
Simulation_K10,187,6.233333333333333,59.506546,61.258778,90.0,0
Simulation_K10,188,6.266666666666667,59.44494,61.253754,90.0,0
Simulation_K10,189,6.3,59.388165,61.248688,90.0,0
Simulation_K10,190,6.333333333333333,59.336296,61.24362,90.0,0
Simulation_K10,191,6.366666666666666,59.289387,61.238613,90.0,0
Simulation_K10,192,6.4,59.247612,61.233757,90.0,0
Simulation_K10,193,6.433333333333334,59.21117,61.22925,90.0,0
Simulation_K10,194,6.466666666666667,59.18008,61.22521,90.0,0
Simulation_K10,195,6.5,59.154415,61.221317,90.0,0
Simulation_K10,196,6.533333333333333,59.134182,61.21795,90.0,0
Simulation_K10,197,6.566666666666666,59.119347,61.21518,90.0,0
Simulation_K10,198,6.6,59.109848,61.212997,90.0,0
Simulation_K10,199,6.633333333333334,59.105705,61.21139,90.0,0
Simulation_K10,200,6.666666666666667,59.106945,61.210415,90.0,0
Simulation_K10,201,6.7,59.113422,61.210434,90.0,0
Simulation_K10,202,6.733333333333333,59.125057,61.211143,90.0,0
Simulation_K10,203,6.766666666666667,59.14189,61.212513,90.0,0
Simulation_K10,204,6.8,59.163857,61.21477,90.0,0
Simulation_K10,205,6.833333333333333,59.190742,61.21785,90.0,0
Simulation_K10,206,6.866666666666666,59.22256,61.22157,90.0,0
Simulation_K10,207,6.9,59.259186,61.226025,90.0,0
Simulation_K10,208,6.933333333333334,59.30047,61.23115,90.0,0
Simulation_K10,209,6.966666666666667,59.346203,61.236694,90.0,0
Simulation_K10,210,7.0,59.3962,61.242702,90.0,0
Simulation_K10,211,7.033333333333333,59.450283,61.249092,90.0,0
Simulation_K10,212,7.066666666666666,59.508347,61.255737,90.0,0
Simulation_K10,213,7.1,59.570198,61.2626,90.0,0
Simulation_K10,214,7.133333333333334,59.63556,61.26955,90.0,0
Simulation_K10,215,7.166666666666667,59.704224,61.276546,90.0,0
Simulation_K10,216,7.2,59.775715,61.28356,90.0,0
Simulation_K10,217,7.233333333333333,59.849766,61.290573,90.0,0
Simulation_K10,218,7.266666666666667,59.926197,61.297527,90.0,0
Simulation_K10,219,7.3,60.004757,61.30431,90.0,0
Simulation_K10,220,7.333333333333333,60.08533,61.310844,90.0,0
Simulation_K10,221,7.366666666666666,60.16776,61.317055,90.0,0
Simulation_K10,222,7.4,60.251736,61.322906,90.0,0
Simulation_K10,223,7.433333333333334,60.337353,61.328354,90.0,0
Simulation_K10,224,7.466666666666667,60.424202,61.33331,90.0,0
Simulation_K10,225,7.5,60.51204,61.337826,90.0,0
Simulation_K10,226,7.533333333333333,60.600613,61.341915,90.0,0
Simulation_K10,227,7.566666666666666,60.68968,61.34554,90.0,0
Simulation_K10,228,7.6,60.778862,61.34864,90.0,0
Simulation_K10,229,7.633333333333334,60.86784,61.351112,90.0,0
Simulation_K10,230,7.666666666666667,60.956326,61.352783,90.0,0
Simulation_K10,231,7.7,61.044228,61.353817,90.0,0
Simulation_K10,232,7.733333333333333,61.131382,61.35421,90.0,0
Simulation_K10,233,7.766666666666667,61.21767,61.35389,90.0,0
Simulation_K10,234,7.8,61.302906,61.35281,90.0,0
Simulation_K10,235,7.833333333333333,61.386776,61.351208,90.0,0
Simulation_K10,236,7.866666666666666,61.46912,61.349087,90.0,0
Simulation_K10,237,7.9,61.549583,61.346527,90.0,0
Simulation_K10,238,7.933333333333334,61.628017,61.34346,90.0,0
Simulation_K10,239,7.966666666666667,61.704144,61.339977,90.0,0
Simulation_K20,0,0.0,61.0,61.0,90.0,0
Simulation_K20,1,0.03333333333333333,60.99333,60.89685,90.0,0
Simulation_K20,2,0.06666666666666667,60.98766,60.803555,90.0,0
Simulation_K20,3,0.1,60.986065,60.721336,90.0,0
Simulation_K20,4,0.13333333333333333,60.988632,60.655994,90.0,0
Simulation_K20,5,0.16666666666666666,60.99674,60.601215,90.0,0
Simulation_K20,6,0.2,61.008778,60.561127,90.0,0
Simulation_K20,7,0.23333333333333334,61.02657,60.541492,90.0,0
Simulation_K20,8,0.26666666666666666,61.0501,60.52807,90.0,0
Simulation_K20,9,0.3,61.078403,60.53559,90.0,0
Simulation_K20,10,0.3333333333333333,61.11186,60.548542,90.0,0
Simulation_K20,11,0.36666666666666664,61.1519,60.574593,90.0,0
Simulation_K20,12,0.4,61.196922,60.613064,90.0,0
Simulation_K20,13,0.43333333333333335,61.246895,60.65088,90.0,0
Simulation_K20,14,0.4666666666666667,61.301945,60.698242,90.0,0
Simulation_K20,15,0.5,61.36085,60.74935,90.0,0
Simulation_K20,16,0.5333333333333333,61.423622,60.801105,90.0,0
Simulation_K20,17,0.5666666666666667,61.488667,60.850132,90.0,0
Simulation_K20,18,0.6,61.55554,60.90281,90.0,0
Simulation_K20,19,0.6333333333333333,61.62195,60.947227,90.0,0
Simulation_K20,20,0.6666666666666666,61.6877,60.989357,90.0,0
Simulation_K20,21,0.7,61.75316,61.02656,90.0,0
Simulation_K20,22,0.7333333333333333,61.815647,61.054016,90.0,0
Simulation_K20,23,0.7666666666666667,61.87569,61.080708,90.0,0
Simulation_K20,24,0.8,61.931625,61.0951,90.0,0
Simulation_K20,25,0.8333333333333334,61.98451,61.105114,90.0,0
Simulation_K20,26,0.8666666666666667,62.03177,61.1097,90.0,0
Simulation_K20,27,0.9,62.07387,61.10447,90.0,0
Simulation_K20,28,0.9333333333333333,62.109764,61.094646,90.0,0
Simulation_K20,29,0.9666666666666667,62.14015,61.08036,90.0,0
Simulation_K20,30,1.0,62.16158,61.06049,90.0,0
Simulation_K20,31,1.0333333333333334,62.17479,61.033653,90.0,0
Simulation_K20,32,1.0666666666666667,62.180706,61.008366,90.0,0
Simulation_K20,33,1.1,62.1773,60.97617,90.0,0
Simulation_K20,34,1.1333333333333333,62.165348,60.943775,90.0,0
Simulation_K20,35,1.1666666666666667,62.143757,60.910954,90.0,0
Simulation_K20,36,1.2,62.11222,60.874985,90.0,0
Simulation_K20,37,1.2333333333333334,62.069645,60.84372,90.0,0
Simulation_K20,38,1.2666666666666666,62.01609,60.810165,90.0,0
Simulation_K20,39,1.3,61.95161,60.779446,90.0,0
Simulation_K20,40,1.3333333333333333,61.876617,60.752506,90.0,0
Simulation_K20,41,1.3666666666666667,61.79026,60.726578,90.0,0
Simulation_K20,42,1.4,61.69415,60.703762,90.0,0
Simulation_K20,43,1.4333333333333333,61.587627,60.686676,90.0,0
Simulation_K20,44,1.4666666666666666,61.470833,60.670845,90.0,0
Simulation_K20,45,1.5,61.34504,60.65715,90.0,0
Simulation_K20,46,1.5333333333333334,61.210224,60.650845,90.0,0
Simulation_K20,47,1.5666666666666667,61.06695,60.64266,90.0,0
Simulation_K20,48,1.6,60.915092,60.63932,90.0,0
Simulation_K20,49,1.6333333333333333,60.757526,60.637844,90.0,0
Simulation_K20,50,1.6666666666666667,60.594868,60.63601,90.0,0
Simulation_K20,51,1.7,60.426285,60.638035,90.0,0
Simulation_K20,52,1.7333333333333334,60.254883,60.636837,90.0,0
Simulation_K20,53,1.7666666666666666,60.08258,60.637386,90.0,0
Simulation_K20,54,1.8,59.909977,60.637974,90.0,0
Simulation_K20,55,1.8333333333333333,59.73769,60.636307,90.0,0
Simulation_K20,56,1.8666666666666667,59.5679,60.63329,90.0,0
Simulation_K20,57,1.9,59.401157,60.63154,90.0,0
Simulation_K20,58,1.9333333333333333,59.23911,60.626865,90.0,0
Simulation_K20,59,1.9666666666666666,59.082367,60.62105,90.0,0
Simulation_K20,60,2.0,58.934097,60.61737,90.0,0
Simulation_K20,61,2.033333333333333,58.796314,60.610012,90.0,0
Simulation_K20,62,2.066666666666667,58.668064,60.604065,90.0,0
Simulation_K20,63,2.1,58.55067,60.596596,90.0,0
Simulation_K20,64,2.1333333333333333,58.443848,60.58871,90.0,0
Simulation_K20,65,2.1666666666666665,58.347286,60.581783,90.0,0
Simulation_K20,66,2.2,58.26121,60.572685,90.0,0
Simulation_K20,67,2.2333333333333334,58.184937,60.56468,90.0,0
Simulation_K20,68,2.2666666666666666,58.11816,60.55742,90.0,0
Simulation_K20,69,2.3,58.06119,60.550766,90.0,0
Simulation_K20,70,2.3333333333333335,58.01358,60.54465,90.0,0
Simulation_K20,71,2.3666666666666667,57.974823,60.543335,90.0,0
Simulation_K20,72,2.4,57.944473,60.542793,90.0,0
Simulation_K20,73,2.433333333333333,57.922348,60.544918,90.0,0
Simulation_K20,74,2.466666666666667,57.90861,60.552216,90.0,0
Simulation_K20,75,2.5,57.90234,60.560905,90.0,0
Simulation_K20,76,2.533333333333333,57.902752,60.57465,90.0,0
Simulation_K20,77,2.566666666666667,57.90995,60.59171,90.0,0
Simulation_K20,78,2.6,57.923817,60.61269,90.0,0
Simulation_K20,79,2.6333333333333333,57.943707,60.638214,90.0,0
Simulation_K20,80,2.6666666666666665,57.96921,60.666943,90.0,0
Simulation_K20,81,2.7,58.000477,60.699528,90.0,0
Simulation_K20,82,2.7333333333333334,58.03733,60.73643,90.0,0
Simulation_K20,83,2.7666666666666666,58.079353,60.775715,90.0,0
Simulation_K20,84,2.8,58.126415,60.81662,90.0,0
Simulation_K20,85,2.8333333333333335,58.178448,60.86217,90.0,0
Simulation_K20,86,2.8666666666666667,58.23527,60.907833,90.0,0
Simulation_K20,87,2.9,58.297756,60.95512,90.0,0
Simulation_K20,88,2.933333333333333,58.36523,61.004765,90.0,0
Simulation_K20,89,2.966666666666667,58.437553,61.05333,90.0,0
Simulation_K20,90,3.0,58.515205,61.102688,90.0,0
Simulation_K20,91,3.033333333333333,58.597885,61.151127,90.0,0
Simulation_K20,92,3.066666666666667,58.684494,61.198734,90.0,0
Simulation_K20,93,3.1,58.774982,61.24553,90.0,0
Simulation_K20,94,3.1333333333333333,58.86996,61.290234,90.0,0
Simulation_K20,95,3.1666666666666665,58.969357,61.33284,90.0,0
Simulation_K20,96,3.2,59.072075,61.374462,90.0,0
Simulation_K20,97,3.2333333333333334,59.178154,61.413002,90.0,0
Simulation_K20,98,3.2666666666666666,59.28836,61.44851,90.0,0
Simulation_K20,99,3.3,59.40225,61.483253,90.0,0
Simulation_K20,100,3.3333333333333335,59.519115,61.514187,90.0,0
Simulation_K20,101,3.3666666666666667,59.639366,61.54336,90.0,0
Simulation_K20,102,3.4,59.76284,61.571533,90.0,0
Simulation_K20,103,3.433333333333333,59.88873,61.597282,90.0,0
Simulation_K20,104,3.466666666666667,60.016224,61.622036,90.0,0
Simulation_K20,105,3.5,60.145782,61.64502,90.0,0
Simulation_K20,106,3.533333333333333,60.277416,61.666714,90.0,0
Simulation_K20,107,3.566666666666667,60.410347,61.68734,90.0,0
Simulation_K20,108,3.6,60.54511,61.706577,90.0,0
Simulation_K20,109,3.6333333333333333,60.681805,61.7248,90.0,0
Simulation_K20,110,3.6666666666666665,60.81947,61.743088,90.0,0
Simulation_K20,111,3.7,60.95713,61.76016,90.0,0
Simulation_K20,112,3.7333333333333334,61.095146,61.77656,90.0,0
Simulation_K20,113,3.7666666666666666,61.23353,61.79355,90.0,0
Simulation_K20,114,3.8,61.371426,61.80879,90.0,0
Simulation_K20,115,3.8333333333333335,61.508522,61.82354,90.0,0
Simulation_K20,116,3.8666666666666667,61.645,61.83818,90.0,0
Simulation_K20,117,3.9,61.780457,61.851986,90.0,0
Simulation_K20,118,3.933333333333333,61.914608,61.865288,90.0,0
Simulation_K20,119,3.966666666666667,62.048023,61.878223,90.0,0
Simulation_K20,120,4.0,62.1808,61.891113,90.0,0
Simulation_K20,121,4.033333333333333,62.31177,61.903675,90.0,0
Simulation_K20,122,4.066666666666666,62.44063,61.91532,90.0,0
Simulation_K20,123,4.1,62.56772,61.926125,90.0,0
Simulation_K20,124,4.133333333333334,62.6927,61.93695,90.0,0
Simulation_K20,125,4.166666666666667,62.81475,61.94651,90.0,0
Simulation_K20,126,4.2,62.933777,61.95507,90.0,0
Simulation_K20,127,4.233333333333333,63.050114,61.963932,90.0,0
Simulation_K20,128,4.266666666666667,63.16288,61.971725,90.0,0
Simulation_K20,129,4.3,63.271286,61.979015,90.0,0
Simulation_K20,130,4.333333333333333,63.375404,61.986668,90.0,0
Simulation_K20,131,4.366666666666666,63.475075,61.99435,90.0,0
Simulation_K20,132,4.4,63.569782,62.00226,90.0,0
Simulation_K20,133,4.433333333333334,63.65908,62.010784,90.0,0
Simulation_K20,134,4.466666666666667,63.742294,62.020252,90.0,0
Simulation_K20,135,4.5,63.819042,62.03109,90.0,0
Simulation_K20,136,4.533333333333333,63.88903,62.04302,90.0,0
Simulation_K20,137,4.566666666666666,63.95186,62.056618,90.0,0
Simulation_K20,138,4.6,64.00731,62.07272,90.0,0
Simulation_K20,139,4.633333333333334,64.05528,62.090553,90.0,0
Simulation_K20,140,4.666666666666667,64.09552,62.110676,90.0,0
Simulation_K20,141,4.7,64.1275,62.133842,90.0,0
Simulation_K20,142,4.733333333333333,64.15103,62.15923,90.0,0
Simulation_K20,143,4.766666666666667,64.166245,62.18714,90.0,0
Simulation_K20,144,4.8,64.17297,62.217968,90.0,0
Simulation_K20,145,4.833333333333333,64.170746,62.251263,90.0,0
Simulation_K20,146,4.866666666666666,64.15961,62.286926,90.0,0
Simulation_K20,147,4.9,64.13988,62.32496,90.0,0
Simulation_K20,148,4.933333333333334,64.11119,62.365257,90.0,0
Simulation_K20,149,4.966666666666667,64.07303,62.4076,90.0,0
Simulation_K20,150,5.0,64.025375,62.451546,90.0,0
Simulation_K20,151,5.033333333333333,63.968067,62.49713,90.0,0
Simulation_K20,152,5.066666666666666,63.90127,62.544147,90.0,0
Simulation_K20,153,5.1,63.82504,62.591995,90.0,0
Simulation_K20,154,5.133333333333334,63.739708,62.640667,90.0,0
Simulation_K20,155,5.166666666666667,63.645397,62.690174,90.0,0
Simulation_K20,156,5.2,63.542076,62.739582,90.0,0
Simulation_K20,157,5.233333333333333,63.430332,62.788666,90.0,0
Simulation_K20,158,5.266666666666667,63.311176,62.837452,90.0,0
Simulation_K20,159,5.3,63.184063,62.885487,90.0,0
Simulation_K20,160,5.333333333333333,63.048084,62.932407,90.0,0
Simulation_K20,161,5.366666666666666,62.904232,62.978466,90.0,0
Simulation_K20,162,5.4,62.753098,63.023495,90.0,0
Simulation_K20,163,5.433333333333334,62.594936,63.0669,90.0,0
Simulation_K20,164,5.466666666666667,62.431053,63.10818,90.0,0
Simulation_K20,165,5.5,62.26306,63.147182,90.0,0
Simulation_K20,166,5.533333333333333,62.09077,63.183784,90.0,0
Simulation_K20,167,5.566666666666666,61.913868,63.217358,90.0,0
Simulation_K20,168,5.6,61.732986,63.24796,90.0,0
Simulation_K20,169,5.633333333333334,61.54936,63.275814,90.0,0
Simulation_K20,170,5.666666666666667,61.363827,63.300526,90.0,0
Simulation_K20,171,5.7,61.17676,63.322067,90.0,0
Simulation_K20,172,5.733333333333333,60.98791,63.340847,90.0,0
Simulation_K20,173,5.766666666666667,60.798176,63.356922,90.0,0
Simulation_K20,174,5.8,60.60808,63.37018,90.0,0
Simulation_K20,175,5.833333333333333,60.41792,63.380573,90.0,0
Simulation_K20,176,5.866666666666666,60.228077,63.38817,90.0,0
Simulation_K20,177,5.9,60.03945,63.393463,90.0,0
Simulation_K20,178,5.933333333333334,59.853188,63.396645,90.0,0
Simulation_K20,179,5.966666666666667,59.6706,63.398396,90.0,0
Simulation_K20,180,6.0,59.492477,63.398922,90.0,0
Simulation_K20,181,6.033333333333333,59.319405,63.398235,90.0,0
Simulation_K20,182,6.066666666666666,59.151802,63.39672,90.0,0
Simulation_K20,183,6.1,58.990166,63.394386,90.0,0
Simulation_K20,184,6.133333333333334,58.834908,63.391167,90.0,0
Simulation_K20,185,6.166666666666667,58.68625,63.3873,90.0,0
Simulation_K20,186,6.2,58.544483,63.383354,90.0,0
Simulation_K20,187,6.233333333333333,58.410122,63.37948,90.0,0
Simulation_K20,188,6.266666666666667,58.28379,63.3759,90.0,0
Simulation_K20,189,6.3,58.166042,63.372982,90.0,0
Simulation_K20,190,6.333333333333333,58.057198,63.3712,90.0,0
Simulation_K20,191,6.366666666666666,57.95754,63.370705,90.0,0
Simulation_K20,192,6.4,57.867233,63.37173,90.0,0
Simulation_K20,193,6.433333333333334,57.78663,63.37486,90.0,0
Simulation_K20,194,6.466666666666667,57.71593,63.38002,90.0,0
Simulation_K20,195,6.5,57.655308,63.387196,90.0,0
Simulation_K20,196,6.533333333333333,57.60486,63.39661,90.0,0
Simulation_K20,197,6.566666666666666,57.56456,63.408504,90.0,0
Simulation_K20,198,6.6,57.534485,63.422836,90.0,0
Simulation_K20,199,6.633333333333334,57.51473,63.439606,90.0,0
Simulation_K20,200,6.666666666666667,57.505135,63.459076,90.0,0
Simulation_K20,201,6.7,57.50542,63.481052,90.0,0
Simulation_K20,202,6.733333333333333,57.515575,63.50541,90.0,0
Simulation_K20,203,6.766666666666667,57.53579,63.532173,90.0,0
Simulation_K20,204,6.8,57.566044,63.56145,90.0,0
Simulation_K20,205,6.833333333333333,57.60627,63.59312,90.0,0
Simulation_K20,206,6.866666666666666,57.656624,63.627018,90.0,0
Simulation_K20,207,6.9,57.71713,63.66324,90.0,0
Simulation_K20,208,6.933333333333334,57.787308,63.701492,90.0,0
Simulation_K20,209,6.966666666666667,57.866978,63.741306,90.0,0
Simulation_K20,210,7.0,57.955734,63.78244,90.0,0
Simulation_K20,211,7.033333333333333,58.05274,63.82461,90.0,0
Simulation_K20,212,7.066666666666666,58.157257,63.867603,90.0,0
Simulation_K20,213,7.1,58.26868,63.91119,90.0,0
Simulation_K20,214,7.133333333333334,58.38689,63.955402,90.0,0
Simulation_K20,215,7.166666666666667,58.51156,64.00026,90.0,0
Simulation_K20,216,7.2,58.64161,64.04547,90.0,0
Simulation_K20,217,7.233333333333333,58.776997,64.0907,90.0,0
Simulation_K20,218,7.266666666666667,58.91792,64.135544,90.0,0
Simulation_K20,219,7.3,59.064613,64.17966,90.0,0
Simulation_K20,220,7.333333333333333,59.216564,64.22276,90.0,0
Simulation_K20,221,7.366666666666666,59.373497,64.2646,90.0,0
Simulation_K20,222,7.4,59.53423,64.30472,90.0,0
Simulation_K20,223,7.433333333333334,59.697697,64.342865,90.0,0
Simulation_K20,224,7.466666666666667,59.863304,64.37892,90.0,0
Simulation_K20,225,7.5,60.030453,64.41287,90.0,0
Simulation_K20,226,7.533333333333333,60.19865,64.44476,90.0,0
Simulation_K20,227,7.566666666666666,60.36754,64.47455,90.0,0
Simulation_K20,228,7.6,60.53725,64.5022,90.0,0
Simulation_K20,229,7.633333333333334,60.707172,64.52762,90.0,0
Simulation_K20,230,7.666666666666667,60.876297,64.55051,90.0,0
Simulation_K20,231,7.7,61.0432,64.57066,90.0,0
Simulation_K20,232,7.733333333333333,61.207302,64.587906,90.0,0
Simulation_K20,233,7.766666666666667,61.368923,64.60216,90.0,0
Simulation_K20,234,7.8,61.52804,64.6134,90.0,0
Simulation_K20,235,7.833333333333333,61.684486,64.6219,90.0,0
Simulation_K20,236,7.866666666666666,61.837994,64.62778,90.0,0
Simulation_K20,237,7.9,61.987804,64.63098,90.0,0
Simulation_K20,238,7.933333333333334,62.133858,64.63197,90.0,0
Simulation_K20,239,7.966666666666667,62.27591,64.631165,90.0,0
Simulation_K30,0,0.0,61.0,61.0,90.0,0
Simulation_K30,1,0.03333333333333333,61.0079,60.899487,90.0,0
Simulation_K30,2,0.06666666666666667,61.01449,60.80786,90.0,0
Simulation_K30,3,0.1,61.019863,60.726986,90.0,0
Simulation_K30,4,0.13333333333333333,61.026283,60.663517,90.0,0
Simulation_K30,5,0.16666666666666666,61.036186,60.611347,90.0,0
Simulation_K30,6,0.2,61.049603,60.573254,90.0,0
Simulation_K30,7,0.23333333333333334,61.0689,60.55536,90.0,0
Simulation_K30,8,0.26666666666666666,61.096443,60.54491,90.0,0
Simulation_K30,9,0.3,61.130867,60.555367,90.0,0
Simulation_K30,10,0.3333333333333333,61.17315,60.570587,90.0,0
Simulation_K30,11,0.36666666666666664,61.224075,60.598835,90.0,0
Simulation_K30,12,0.4,61.28297,60.640587,90.0,0
Simulation_K30,13,0.43333333333333335,61.3488,60.680614,90.0,0
Simulation_K30,14,0.4666666666666667,61.422405,60.728302,90.0,0
Simulation_K30,15,0.5,61.50297,60.780575,90.0,0
Simulation_K30,16,0.5333333333333333,61.58945,60.831013,90.0,0
Simulation_K30,17,0.5666666666666667,61.680428,60.877308,90.0,0
Simulation_K30,18,0.6,61.77531,60.92504,90.0,0
Simulation_K30,19,0.6333333333333333,61.872105,60.963993,90.0,0
Simulation_K30,20,0.6666666666666666,61.968307,60.99856,90.0,0
Simulation_K30,21,0.7,62.064655,61.026768,90.0,0
Simulation_K30,22,0.7333333333333333,62.15732,61.044308,90.0,0
Simulation_K30,23,0.7666666666666667,62.246807,61.059334,90.0,0
Simulation_K30,24,0.8,62.329422,61.060062,90.0,0
Simulation_K30,25,0.8333333333333334,62.406685,61.055294,90.0,0
Simulation_K30,26,0.8666666666666667,62.47572,61.04602,90.0,0
Simulation_K30,27,0.9,62.535484,61.026344,90.0,0
Simulation_K30,28,0.9333333333333333,62.585293,61.001827,90.0,0
Simulation_K30,29,0.9666666666666667,62.62575,60.9746,90.0,0
Simulation_K30,30,1.0,62.652805,60.94191,90.0,0
Simulation_K30,31,1.0333333333333334,62.666466,60.90218,90.0,0
Simulation_K30,32,1.0666666666666667,62.668064,60.864666,90.0,0
Simulation_K30,33,1.1,62.655224,60.821888,90.0,0
Simulation_K30,34,1.1333333333333333,62.62814,60.779522,90.0,0
Simulation_K30,35,1.1666666666666667,62.586845,60.73772,90.0,0
Simulation_K30,36,1.2,62.531136,60.69473,90.0,0
Simulation_K30,37,1.2333333333333334,62.46095,60.65742,90.0,0
Simulation_K30,38,1.2666666666666666,62.3759,60.61847,90.0,0
Simulation_K30,39,1.3,62.276833,60.582928,90.0,0
Simulation_K30,40,1.3333333333333333,62.16343,60.552814,90.0,0
Simulation_K30,41,1.3666666666666667,62.035576,60.523293,90.0,0
Simulation_K30,42,1.4,61.893948,60.496227,90.0,0
Simulation_K30,43,1.4333333333333333,61.738636,60.47492,90.0,0
Simulation_K30,44,1.4666666666666666,61.57014,60.454063,90.0,0
Simulation_K30,45,1.5,61.389538,60.4339,90.0,0
Simulation_K30,46,1.5333333333333334,61.1977,60.42039,90.0,0
Simulation_K30,47,1.5666666666666667,60.99642,60.40458,90.0,0
Simulation_K30,48,1.6,60.78549,60.39142,90.0,0
Simulation_K30,49,1.6333333333333333,60.568287,60.378113,90.0,0
Simulation_K30,50,1.6666666666666667,60.34749,60.36351,90.0,0
Simulation_K30,51,1.7,60.12028,60.3511,90.0,0
Simulation_K30,52,1.7333333333333334,59.889267,60.332905,90.0,0
Simulation_K30,53,1.7666666666666666,59.65664,60.31372,90.0,0
Simulation_K30,54,1.8,59.424786,60.29351,90.0,0
Simulation_K30,55,1.8333333333333333,59.19567,60.26957,90.0,0
Simulation_K30,56,1.8666666666666667,58.972527,60.244003,90.0,0
Simulation_K30,57,1.9,58.75642,60.220833,90.0,0
Simulation_K30,58,1.9333333333333333,58.54974,60.19539,90.0,0
Simulation_K30,59,1.9666666666666666,58.35155,60.168728,90.0,0
Simulation_K30,60,2.0,58.164494,60.1451,90.0,0
Simulation_K30,61,2.033333333333333,57.99025,60.11989,90.0,0
Simulation_K30,62,2.066666666666667,57.826683,60.096874,90.0,0
Simulation_K30,63,2.1,57.674595,60.073612,90.0,0
Simulation_K30,64,2.1333333333333333,57.534096,60.0508,90.0,0
Simulation_K30,65,2.1666666666666665,57.404007,60.030296,90.0,0
Simulation_K30,66,2.2,57.285385,60.00875,90.0,0
Simulation_K30,67,2.2333333333333334,57.177647,59.990143,90.0,0
Simulation_K30,68,2.2666666666666666,57.080738,59.97529,90.0,0
Simulation_K30,69,2.3,56.9945,59.96254,90.0,0
Simulation_K30,70,2.3333333333333335,56.919174,59.952,90.0,0
Simulation_K30,71,2.3666666666666667,56.854607,59.94847,90.0,0
Simulation_K30,72,2.4,56.8001,59.948227,90.0,0
Simulation_K30,73,2.433333333333333,56.75453,59.952625,90.0,0
Simulation_K30,74,2.466666666666667,56.719036,59.964893,90.0,0
Simulation_K30,75,2.5,56.693085,59.98223,90.0,0
Simulation_K30,76,2.533333333333333,56.67585,60.00773,90.0,0
Simulation_K30,77,2.566666666666667,56.667175,60.040276,90.0,0
Simulation_K30,78,2.6,56.667694,60.081104,90.0,0
Simulation_K30,79,2.6333333333333333,56.677063,60.130836,90.0,0
Simulation_K30,80,2.6666666666666665,56.69409,60.187428,90.0,0
Simulation_K30,81,2.7,56.718876,60.25214,90.0,0
Simulation_K30,82,2.7333333333333334,56.75205,60.325863,90.0,0
Simulation_K30,83,2.7666666666666666,56.792995,60.40612,90.0,0
Simulation_K30,84,2.8,56.84143,60.491875,90.0,0
Simulation_K30,85,2.8333333333333335,56.89731,60.586544,90.0,0
Simulation_K30,86,2.8666666666666667,56.96049,60.68532,90.0,0
Simulation_K30,87,2.9,57.031265,60.788414,90.0,0
Simulation_K30,88,2.933333333333333,57.10894,60.89707,90.0,0
Simulation_K30,89,2.966666666666667,57.193123,61.008045,90.0,0
Simulation_K30,90,3.0,57.285007,61.122124,90.0,0
Simulation_K30,91,3.033333333333333,57.384243,61.236725,90.0,0
Simulation_K30,92,3.066666666666667,57.490044,61.35194,90.0,0
Simulation_K30,93,3.1,57.602493,61.467724,90.0,0
Simulation_K30,94,3.1333333333333333,57.721443,61.581703,90.0,0
Simulation_K30,95,3.1666666666666665,57.847824,61.693813,90.0,0
Simulation_K30,96,3.2,57.980423,61.80471,90.0,0
Simulation_K30,97,3.2333333333333334,58.118412,61.911034,90.0,0
Simulation_K30,98,3.2666666666666666,58.263,62.01253,90.0,0
Simulation_K30,99,3.3,58.41398,62.11185,90.0,0
Simulation_K30,100,3.3333333333333335,58.5702,62.205128,90.0,0
Simulation_K30,101,3.3666666666666667,58.73205,62.29364,90.0,0
Simulation_K30,102,3.4,58.899418,62.378117,90.0,0
Simulation_K30,103,3.433333333333333,59.070877,62.456833,90.0,0
Simulation_K30,104,3.466666666666667,59.244926,62.531013,90.0,0
Simulation_K30,105,3.5,59.42228,62.600388,90.0,0
Simulation_K30,106,3.533333333333333,59.603897,62.666145,90.0,0
Simulation_K30,107,3.566666666666667,59.788445,62.728687,90.0,0
Simulation_K30,108,3.6,59.975166,62.787144,90.0,0
Simulation_K30,109,3.6333333333333333,60.163578,62.841835,90.0,0
Simulation_K30,110,3.6666666666666665,60.352943,62.893692,90.0,0
Simulation_K30,111,3.7,60.542873,62.94096,90.0,0
Simulation_K30,112,3.7333333333333334,60.734837,62.984623,90.0,0
Simulation_K30,113,3.7666666666666666,60.929184,63.02638,90.0,0
Simulation_K30,114,3.8,61.124577,63.063545,90.0,0
Simulation_K30,115,3.8333333333333335,61.32038,63.097515,90.0,0
Simulation_K30,116,3.8666666666666667,61.518154,63.129314,90.0,0
Simulation_K30,117,3.9,61.71749,63.158104,90.0,0
Simulation_K30,118,3.933333333333333,61.916676,63.18382,90.0,0
Simulation_K30,119,3.966666666666667,62.116714,63.20742,90.0,0
Simulation_K30,120,4.0,62.317787,63.230415,90.0,0
Simulation_K30,121,4.033333333333333,62.517784,63.25228,90.0,0
Simulation_K30,122,4.066666666666666,62.715073,63.272205,90.0,0
Simulation_K30,123,4.1,62.91016,63.290768,90.0,0
Simulation_K30,124,4.133333333333334,63.103016,63.30939,90.0,0
Simulation_K30,125,4.166666666666667,63.29237,63.326893,90.0,0
Simulation_K30,126,4.2,63.47818,63.34405,90.0,0
Simulation_K30,127,4.233333333333333,63.66127,63.36234,90.0,0
Simulation_K30,128,4.266666666666667,63.840267,63.380466,90.0,0
Simulation_K30,129,4.3,64.01361,63.399025,90.0,0
Simulation_K30,130,4.333333333333333,64.181305,63.419304,90.0,0
Simulation_K30,131,4.366666666666666,64.343376,63.441517,90.0,0
Simulation_K30,132,4.4,64.498955,63.465546,90.0,0
Simulation_K30,133,4.433333333333334,64.646835,63.49226,90.0,0
Simulation_K30,134,4.466666666666667,64.78667,63.522663,90.0,0
Simulation_K30,135,4.5,64.9179,63.556942,90.0,0
Simulation_K30,136,4.533333333333333,65.03939,63.594685,90.0,0
Simulation_K30,137,4.566666666666666,65.15037,63.63671,90.0,0
Simulation_K30,138,4.6,65.25047,63.684002,90.0,0
Simulation_K30,139,4.633333333333334,65.33905,63.735493,90.0,0
Simulation_K30,140,4.666666666666667,65.41546,63.791737,90.0,0
Simulation_K30,141,4.7,65.479004,63.854004,90.0,0
Simulation_K30,142,4.733333333333333,65.5296,63.921448,90.0,0
Simulation_K30,143,4.766666666666667,65.567314,63.99386,90.0,0
Simulation_K30,144,4.8,65.59135,64.072014,90.0,0
Simulation_K30,145,4.833333333333333,65.60133,64.15577,90.0,0
Simulation_K30,146,4.866666666666666,65.5967,64.24452,90.0,0
Simulation_K30,147,4.9,65.57765,64.33806,90.0,0
Simulation_K30,148,4.933333333333334,65.54367,64.43641,90.0,0
Simulation_K30,149,4.966666666666667,65.494385,64.539,90.0,0
Simulation_K30,150,5.0,65.430305,64.6446,90.0,0
Simulation_K30,151,5.033333333333333,65.35144,64.75307,90.0,0
Simulation_K30,152,5.066666666666666,65.2568,64.86424,90.0,0
Simulation_K30,153,5.1,65.146935,64.97642,90.0,0
Simulation_K30,154,5.133333333333334,65.02287,65.08915,90.0,0
Simulation_K30,155,5.166666666666667,64.88607,65.20206,90.0,0
Simulation_K30,156,5.2,64.735825,65.3144,90.0,0
Simulation_K30,157,5.233333333333333,64.57178,65.4252,90.0,0
Simulation_K30,158,5.266666666666667,64.394394,65.5346,90.0,0
Simulation_K30,159,5.3,64.20369,65.64202,90.0,0
Simulation_K30,160,5.333333333333333,64.00104,65.74606,90.0,0
Simulation_K30,161,5.366666666666666,63.78739,65.84623,90.0,0
Simulation_K30,162,5.4,63.56333,65.94255,90.0,0
Simulation_K30,163,5.433333333333334,63.33069,66.03408,90.0,0
Simulation_K30,164,5.466666666666667,63.090775,66.120056,90.0,0
Simulation_K30,165,5.5,62.84334,66.200806,90.0,0
Simulation_K30,166,5.533333333333333,62.58911,66.27654,90.0,0
Simulation_K30,167,5.566666666666666,62.329628,66.346275,90.0,0
Simulation_K30,168,5.6,62.066467,66.41003,90.0,0
Simulation_K30,169,5.633333333333334,61.80092,66.468376,90.0,0
Simulation_K30,170,5.666666666666667,61.533627,66.52097,90.0,0
Simulation_K30,171,5.7,61.26449,66.5678,90.0,0
Simulation_K30,172,5.733333333333333,60.99479,66.60923,90.0,0
Simulation_K30,173,5.766666666666667,60.724304,66.6452,90.0,0
Simulation_K30,174,5.8,60.453476,66.675415,90.0,0
Simulation_K30,175,5.833333333333333,60.184,66.70045,90.0,0
Simulation_K30,176,5.866666666666666,59.916927,66.72096,90.0,0
Simulation_K30,177,5.9,59.653847,66.73696,90.0,0
Simulation_K30,178,5.933333333333334,59.395065,66.7489,90.0,0
Simulation_K30,179,5.966666666666667,59.14144,66.75757,90.0,0
Simulation_K30,180,6.0,58.894184,66.76311,90.0,0
Simulation_K30,181,6.033333333333333,58.65445,66.76551,90.0,0
Simulation_K30,182,6.066666666666666,58.42346,66.765625,90.0,0
Simulation_K30,183,6.1,58.201553,66.76429,90.0,0
Simulation_K30,184,6.133333333333334,57.988396,66.76186,90.0,0
Simulation_K30,185,6.166666666666667,57.78429,66.758675,90.0,0
Simulation_K30,186,6.2,57.589905,66.755486,90.0,0
Simulation_K30,187,6.233333333333333,57.405888,66.75261,90.0,0
Simulation_K30,188,6.266666666666667,57.23295,66.75048,90.0,0
Simulation_K30,189,6.3,57.07189,66.74953,90.0,0
Simulation_K30,190,6.333333333333333,56.92313,66.75044,90.0,0
Simulation_K30,191,6.366666666666666,56.78685,66.75391,90.0,0
Simulation_K30,192,6.4,56.66314,66.760605,90.0,0
Simulation_K30,193,6.433333333333334,56.552334,66.77197,90.0,0
Simulation_K30,194,6.466666666666667,56.454388,66.7887,90.0,0
Simulation_K30,195,6.5,56.369377,66.810745,90.0,0
Simulation_K30,196,6.533333333333333,56.297573,66.83856,90.0,0
Simulation_K30,197,6.566666666666666,56.238888,66.87246,90.0,0
Simulation_K30,198,6.6,56.19318,66.91235,90.0,0
Simulation_K30,199,6.633333333333334,56.16062,66.95817,90.0,0
Simulation_K30,200,6.666666666666667,56.141254,67.01012,90.0,0
Simulation_K30,201,6.7,56.13498,67.068016,90.0,0
Simulation_K30,202,6.733333333333333,56.141914,67.131775,90.0,0
Simulation_K30,203,6.766666666666667,56.162323,67.20149,90.0,0
Simulation_K30,204,6.8,56.196125,67.27732,90.0,0
Simulation_K30,205,6.833333333333333,56.243004,67.35895,90.0,0
Simulation_K30,206,6.866666666666666,56.302925,67.44593,90.0,0
Simulation_K30,207,6.9,56.376007,67.53821,90.0,0
Simulation_K30,208,6.933333333333334,56.46171,67.63532,90.0,0
Simulation_K30,209,6.966666666666667,56.559166,67.73668,90.0,0
Simulation_K30,210,7.0,56.66766,67.841805,90.0,0
Simulation_K30,211,7.033333333333333,56.786903,67.95004,90.0,0
Simulation_K30,212,7.066666666666666,56.91649,68.0609,90.0,0
Simulation_K30,213,7.1,57.055637,68.17368,90.0,0
Simulation_K30,214,7.133333333333334,57.20493,68.28818,90.0,0
Simulation_K30,215,7.166666666666667,57.364223,68.40367,90.0,0
Simulation_K30,216,7.2,57.532494,68.51922,90.0,0
Simulation_K30,217,7.233333333333333,57.708355,68.63402,90.0,0
Simulation_K30,218,7.266666666666667,57.89114,68.74726,90.0,0
Simulation_K30,219,7.3,58.079376,68.85789,90.0,0
Simulation_K30,220,7.333333333333333,58.273594,68.96576,90.0,0
Simulation_K30,221,7.366666666666666,58.4737,69.07071,90.0,0
Simulation_K30,222,7.4,58.67897,69.171715,90.0,0
Simulation_K30,223,7.433333333333334,58.889137,69.268005,90.0,0
Simulation_K30,224,7.466666666666667,59.102688,69.359,90.0,0
Simulation_K30,225,7.5,59.319637,69.44438,90.0,0
Simulation_K30,226,7.533333333333333,59.539734,69.52427,90.0,0
Simulation_K30,227,7.566666666666666,59.76232,69.598145,90.0,0
Simulation_K30,228,7.6,59.98666,69.66589,90.0,0
Simulation_K30,229,7.633333333333334,60.211464,69.72765,90.0,0
Simulation_K30,230,7.666666666666667,60.435806,69.78351,90.0,0
Simulation_K30,231,7.7,60.659294,69.83334,90.0,0
Simulation_K30,232,7.733333333333333,60.881554,69.876945,90.0,0
Simulation_K30,233,7.766666666666667,61.101852,69.91449,90.0,0
Simulation_K30,234,7.8,61.320183,69.94651,90.0,0
Simulation_K30,235,7.833333333333333,61.53647,69.972984,90.0,0
Simulation_K30,236,7.866666666666666,61.750046,69.99425,90.0,0
Simulation_K30,237,7.9,61.959614,70.01091,90.0,0
Simulation_K30,238,7.933333333333334,62.164993,70.02326,90.0,0
Simulation_K30,239,7.966666666666667,62.36648,70.03175,90.0,0
Simulation_K40,0,0.0,61.0,61.0,90.0,0
Simulation_K40,1,0.03333333333333333,60.99537,60.893593,90.0,0
Simulation_K40,2,0.06666666666666667,60.991493,60.795734,90.0,0
Simulation_K40,3,0.1,60.9893,60.710094,90.0,0
Simulation_K40,4,0.13333333333333333,60.991035,60.640965,90.0,0
Simulation_K40,5,0.16666666666666666,60.999702,60.58173,90.0,0
Simulation_K40,6,0.2,61.015556,60.537746,90.0,0
Simulation_K40,7,0.23333333333333334,61.041412,60.51533,90.0,0
Simulation_K40,8,0.26666666666666666,61.079453,60.49668,90.0,0
Simulation_K40,9,0.3,61.13021,60.50107,90.0,0
Simulation_K40,10,0.3333333333333333,61.19331,60.511223,90.0,0
Simulation_K40,11,0.36666666666666664,61.27023,60.53301,90.0,0
Simulation_K40,12,0.4,61.359634,60.56766,90.0,0
Simulation_K40,13,0.43333333333333335,61.460327,60.600456,90.0,0
Simulation_K40,14,0.4666666666666667,61.571262,60.642437,90.0,0
Simulation_K40,15,0.5,61.691456,60.686436,90.0,0
Simulation_K40,16,0.5333333333333333,61.819984,60.72896,90.0,0
Simulation_K40,17,0.5666666666666667,61.952587,60.76753,90.0,0
Simulation_K40,18,0.6,62.08758,60.80686,90.0,0
Simulation_K40,19,0.6333333333333333,62.222652,60.835045,90.0,0
Simulation_K40,20,0.6666666666666666,62.35722,60.859123,90.0,0
Simulation_K40,21,0.7,62.4894,60.876892,90.0,0
Simulation_K40,22,0.7333333333333333,62.615093,60.880985,90.0,0
Simulation_K40,23,0.7666666666666667,62.736618,60.883347,90.0,0
Simulation_K40,24,0.8,62.84847,60.871635,90.0,0
Simulation_K40,25,0.8333333333333334,62.95006,60.853424,90.0,0
Simulation_K40,26,0.8666666666666667,63.038586,60.828487,90.0,0
Simulation_K40,27,0.9,63.114285,60.792767,90.0,0
Simulation_K40,28,0.9333333333333333,63.176426,60.751995,90.0,0
Simulation_K40,29,0.9666666666666667,63.225834,60.70623,90.0,0
Simulation_K40,30,1.0,63.258823,60.655853,90.0,0
Simulation_K40,31,1.0333333333333334,63.274147,60.599403,90.0,0
Simulation_K40,32,1.0666666666666667,63.27288,60.5455,90.0,0
Simulation_K40,33,1.1,63.253067,60.48499,90.0,0
Simulation_K40,34,1.1333333333333333,63.21443,60.426483,90.0,0
Simulation_K40,35,1.1666666666666667,63.15592,60.370186,90.0,0
Simulation_K40,36,1.2,63.07759,60.31164,90.0,0
Simulation_K40,37,1.2333333333333334,62.980225,60.26051,90.0,0
Simulation_K40,38,1.2666666666666666,62.862976,60.20964,90.0,0
Simulation_K40,39,1.3,62.726234,60.162697,90.0,0
Simulation_K40,40,1.3333333333333333,62.5711,60.121147,90.0,0
Simulation_K40,41,1.3666666666666667,62.396137,60.082035,90.0,0
Simulation_K40,42,1.4,62.20354,60.046654,90.0,0
Simulation_K40,43,1.4333333333333333,61.99355,60.017048,90.0,0
Simulation_K40,44,1.4666666666666666,61.7677,59.98843,90.0,0
Simulation_K40,45,1.5,61.526707,59.961536,90.0,0
Simulation_K40,46,1.5333333333333334,61.271427,59.941402,90.0,0
Simulation_K40,47,1.5666666666666667,61.005672,59.916584,90.0,0
Simulation_K40,48,1.6,60.729362,59.89406,90.0,0
Simulation_K40,49,1.6333333333333333,60.445324,59.86994,90.0,0
Simulation_K40,50,1.6666666666666667,60.15676,59.841118,90.0,0
Simulation_K40,51,1.7,59.86445,59.812977,90.0,0
Simulation_K40,52,1.7333333333333334,59.57152,59.777466,90.0,0
Simulation_K40,53,1.7666666666666666,59.280285,59.739407,90.0,0
Simulation_K40,54,1.8,58.99245,59.69815,90.0,0
Simulation_K40,55,1.8333333333333333,58.709976,59.65174,90.0,0
Simulation_K40,56,1.8666666666666667,58.434532,59.601067,90.0,0
Simulation_K40,57,1.9,58.169,59.549187,90.0,0
Simulation_K40,58,1.9333333333333333,57.917217,59.492615,90.0,0
Simulation_K40,59,1.9666666666666666,57.677303,59.434628,90.0,0
Simulation_K40,60,2.0,57.451347,59.379234,90.0,0
Simulation_K40,61,2.033333333333333,57.24034,59.321068,90.0,0
Simulation_K40,62,2.066666666666667,57.041492,59.2665,90.0,0
Simulation_K40,63,2.1,56.856052,59.21276,90.0,0
Simulation_K40,64,2.1333333333333333,56.683918,59.16054,90.0,0
Simulation_K40,65,2.1666666666666665,56.5249,59.112278,90.0,0
Simulation_K40,66,2.2,56.37912,59.065334,90.0,0
Simulation_K40,67,2.2333333333333334,56.2451,59.02272,90.0,0
Simulation_K40,68,2.2666666666666666,56.122242,58.98475,90.0,0
Simulation_K40,69,2.3,56.009846,58.951805,90.0,0
Simulation_K40,70,2.3333333333333335,55.906956,58.92388,90.0,0
Simulation_K40,71,2.3666666666666667,55.814384,58.90489,90.0,0
Simulation_K40,72,2.4,55.731552,58.892097,90.0,0
Simulation_K40,73,2.433333333333333,55.65719,58.88792,90.0,0
Simulation_K40,74,2.466666666666667,55.591755,58.89589,90.0,0
Simulation_K40,75,2.5,55.5355,58.913307,90.0,0
Simulation_K40,76,2.533333333333333,55.486946,58.944855,90.0,0
Simulation_K40,77,2.566666666666667,55.445377,58.989223,90.0,0
Simulation_K40,78,2.6,55.41221,59.047096,90.0,0
Simulation_K40,79,2.6333333333333333,55.387722,59.11983,90.0,0
Simulation_K40,80,2.6666666666666665,55.370518,59.206085,90.0,0
Simulation_K40,81,2.7,55.36113,59.30672,90.0,0
Simulation_K40,82,2.7333333333333334,55.36154,59.422848,90.0,0
Simulation_K40,83,2.7666666666666666,55.371307,59.552982,90.0,0
Simulation_K40,84,2.8,55.38858,59.694298,90.0,0
Simulation_K40,85,2.8333333333333335,55.414196,59.849213,90.0,0
Simulation_K40,86,2.8666666666666667,55.449257,60.013138,90.0,0
Simulation_K40,87,2.9,55.49443,60.186516,90.0,0
Simulation_K40,88,2.933333333333333,55.54831,60.36916,90.0,0
Simulation_K40,89,2.966666666666667,55.61106,60.556892,90.0,0
Simulation_K40,90,3.0,55.684284,60.75121,90.0,0
Simulation_K40,91,3.033333333333333,55.767944,60.94927,90.0,0
Simulation_K40,92,3.066666666666667,55.862144,61.14975,90.0,0
Simulation_K40,93,3.1,55.967472,61.351345,90.0,0
Simulation_K40,94,3.1333333333333333,56.082306,61.55131,90.0,0
Simulation_K40,95,3.1666666666666665,56.2075,61.74856,90.0,0
Simulation_K40,96,3.2,56.341984,61.943577,90.0,0
Simulation_K40,97,3.2333333333333334,56.485664,62.133865,90.0,0
Simulation_K40,98,3.2666666666666666,56.639908,62.318542,90.0,0
Simulation_K40,99,3.3,56.803856,62.498573,90.0,0
Simulation_K40,100,3.3333333333333335,56.975983,62.669857,90.0,0
Simulation_K40,101,3.3666666666666667,57.15592,62.833706,90.0,0
Simulation_K40,102,3.4,57.342747,62.98871,90.0,0
Simulation_K40,103,3.433333333333333,57.53668,63.132828,90.0,0
Simulation_K40,104,3.466666666666667,57.736954,63.26773,90.0,0
Simulation_K40,105,3.5,57.942947,63.392673,90.0,0
Simulation_K40,106,3.533333333333333,58.154495,63.50796,90.0,0
Simulation_K40,107,3.566666666666667,58.371094,63.614563,90.0,0
Simulation_K40,108,3.6,58.59346,63.713184,90.0,0
Simulation_K40,109,3.6333333333333333,58.82042,63.80395,90.0,0
Simulation_K40,110,3.6666666666666665,59.050667,63.88773,90.0,0
Simulation_K40,111,3.7,59.28385,63.96434,90.0,0
Simulation_K40,112,3.7333333333333334,59.520325,64.03462,90.0,0
Simulation_K40,113,3.7666666666666666,59.75994,64.09892,90.0,0
Simulation_K40,114,3.8,60.00155,64.15564,90.0,0
Simulation_K40,115,3.8333333333333335,60.24581,64.206535,90.0,0
Simulation_K40,116,3.8666666666666667,60.493984,64.25241,90.0,0
Simulation_K40,117,3.9,60.744907,64.29231,90.0,0
Simulation_K40,118,3.933333333333333,60.997673,64.32742,90.0,0
Simulation_K40,119,3.966666666666667,61.25243,64.358604,90.0,0
Simulation_K40,120,4.0,61.509243,64.386314,90.0,0
Simulation_K40,121,4.033333333333333,61.766956,64.41067,90.0,0
Simulation_K40,122,4.066666666666666,62.024757,64.43231,90.0,0
Simulation_K40,123,4.1,62.28282,64.451744,90.0,0
Simulation_K40,124,4.133333333333334,62.540867,64.470314,90.0,0
Simulation_K40,125,4.166666666666667,62.796562,64.48772,90.0,0
Simulation_K40,126,4.2,63.04991,64.50476,90.0,0
Simulation_K40,127,4.233333333333333,63.300846,64.52307,90.0,0
Simulation_K40,128,4.266666666666667,63.548496,64.54262,90.0,0
Simulation_K40,129,4.3,63.79094,64.56514,90.0,0
Simulation_K40,130,4.333333333333333,64.02762,64.59168,90.0,0
Simulation_K40,131,4.366666666666666,64.25872,64.622635,90.0,0
Simulation_K40,132,4.4,64.48269,64.65877,90.0,0
Simulation_K40,133,4.433333333333334,64.69749,64.70123,90.0,0
Simulation_K40,134,4.466666666666667,64.90321,64.74994,90.0,0
Simulation_K40,135,4.5,65.09994,64.805374,90.0,0
Simulation_K40,136,4.533333333333333,65.2858,64.86772,90.0,0
Simulation_K40,137,4.566666666666666,65.45924,64.93774,90.0,0
Simulation_K40,138,4.6,65.61925,65.01664,90.0,0
Simulation_K40,139,4.633333333333334,65.764755,65.10394,90.0,0
Simulation_K40,140,4.666666666666667,65.89399,65.20048,90.0,0
Simulation_K40,141,4.7,66.0058,65.30678,90.0,0
Simulation_K40,142,4.733333333333333,66.09982,65.422325,90.0,0
Simulation_K40,143,4.766666666666667,66.17561,65.547485,90.0,0
Simulation_K40,144,4.8,66.23241,65.682,90.0,0
Simulation_K40,145,4.833333333333333,66.26988,65.82508,90.0,0
Simulation_K40,146,4.866666666666666,66.287346,65.97656,90.0,0
Simulation_K40,147,4.9,66.28348,66.13596,90.0,0
Simulation_K40,148,4.933333333333334,66.25813,66.302216,90.0,0
Simulation_K40,149,4.966666666666667,66.211044,66.47493,90.0,0
Simulation_K40,150,5.0,66.14281,66.65302,90.0,0
Simulation_K40,151,5.033333333333333,66.05531,66.835266,90.0,0
Simulation_K40,152,5.066666666666666,65.94895,67.020966,90.0,0
Simulation_K40,153,5.1,65.82336,67.20884,90.0,0
Simulation_K40,154,5.133333333333334,65.677895,67.398476,90.0,0
Simulation_K40,155,5.166666666666667,65.514465,67.58793,90.0,0
Simulation_K40,156,5.2,65.33434,67.775345,90.0,0
Simulation_K40,157,5.233333333333333,65.136475,67.960754,90.0,0
Simulation_K40,158,5.266666666666667,64.92276,68.14285,90.0,0
Simulation_K40,159,5.3,64.69414,68.32015,90.0,0
Simulation_K40,160,5.333333333333333,64.4517,68.4914,90.0,0
Simulation_K40,161,5.366666666666666,64.196045,68.65603,90.0,0
Simulation_K40,162,5.4,63.929337,68.81316,90.0,0
Simulation_K40,163,5.433333333333334,63.652138,68.96272,90.0,0
Simulation_K40,164,5.466666666666667,63.364037,69.10436,90.0,0
Simulation_K40,165,5.5,63.066868,69.237,90.0,0
Simulation_K40,166,5.533333333333333,62.76214,69.36009,90.0,0
Simulation_K40,167,5.566666666666666,62.450306,69.47335,90.0,0
Simulation_K40,168,5.6,62.13395,69.57675,90.0,0
Simulation_K40,169,5.633333333333334,61.81527,69.670425,90.0,0
Simulation_K40,170,5.666666666666667,61.496243,69.754196,90.0,0
Simulation_K40,171,5.7,61.177208,69.82819,90.0,0
Simulation_K40,172,5.733333333333333,60.858753,69.89271,90.0,0
Simulation_K40,173,5.766666666666667,60.540672,69.94812,90.0,0
Simulation_K40,174,5.8,60.224613,69.994255,90.0,0
Simulation_K40,175,5.833333333333333,59.912006,70.03162,90.0,0
Simulation_K40,176,5.866666666666666,59.603664,70.06084,90.0,0
Simulation_K40,177,5.9,59.300133,70.08235,90.0,0
Simulation_K40,178,5.933333333333334,59.002296,70.0965,90.0,0
Simulation_K40,179,5.966666666666667,58.711086,70.10418,90.0,0
Simulation_K40,180,6.0,58.4267,70.10637,90.0,0
Simulation_K40,181,6.033333333333333,58.149456,70.10461,90.0,0
Simulation_K40,182,6.066666666666666,57.88056,70.09994,90.0,0
Simulation_K40,183,6.1,57.62029,70.09297,90.0,0
Simulation_K40,184,6.133333333333334,57.36972,70.08387,90.0,0
Simulation_K40,185,6.166666666666667,57.129524,70.07329,90.0,0
Simulation_K40,186,6.2,56.900265,70.062386,90.0,0
Simulation_K40,187,6.233333333333333,56.68224,70.05221,90.0,0
Simulation_K40,188,6.266666666666667,56.476128,70.04349,90.0,0
Simulation_K40,189,6.3,56.281975,70.03765,90.0,0
Simulation_K40,190,6.333333333333333,56.099228,70.036255,90.0,0
Simulation_K40,191,6.366666666666666,55.928062,70.04015,90.0,0
Simulation_K40,192,6.4,55.768814,70.05023,90.0,0
Simulation_K40,193,6.433333333333334,55.62162,70.06733,90.0,0
Simulation_K40,194,6.466666666666667,55.48731,70.091934,90.0,0
Simulation_K40,195,6.5,55.366573,70.125175,90.0,0
Simulation_K40,196,6.533333333333333,55.259743,70.16795,90.0,0
Simulation_K40,197,6.566666666666666,55.167088,70.220825,90.0,0
Simulation_K40,198,6.6,55.08868,70.28396,90.0,0
Simulation_K40,199,6.633333333333334,55.02464,70.357666,90.0,0
Simulation_K40,200,6.666666666666667,54.975334,70.44225,90.0,0
Simulation_K40,201,6.7,54.941105,70.5377,90.0,0
Simulation_K40,202,6.733333333333333,54.922226,70.64407,90.0,0
Simulation_K40,203,6.766666666666667,54.91876,70.76148,90.0,0
Simulation_K40,204,6.8,54.93052,70.88926,90.0,0
Simulation_K40,205,6.833333333333333,54.95737,71.02699,90.0,0
Simulation_K40,206,6.866666666666666,54.999355,71.17442,90.0,0
Simulation_K40,207,6.9,55.05586,71.33116,90.0,0
Simulation_K40,208,6.933333333333334,55.1265,71.49645,90.0,0
Simulation_K40,209,6.966666666666667,55.21088,71.66914,90.0,0
Simulation_K40,210,7.0,55.309555,71.84876,90.0,0
Simulation_K40,211,7.033333333333333,55.42315,72.034,90.0,0
Simulation_K40,212,7.066666666666666,55.55142,72.22343,90.0,0
Simulation_K40,213,7.1,55.69366,72.41595,90.0,0
Simulation_K40,214,7.133333333333334,55.84876,72.609604,90.0,0
Simulation_K40,215,7.166666666666667,56.016155,72.80337,90.0,0
Simulation_K40,216,7.2,56.19365,72.995865,90.0,0
Simulation_K40,217,7.233333333333333,56.3812,73.18655,90.0,0
Simulation_K40,218,7.266666666666667,56.57844,73.37379,90.0,0
Simulation_K40,219,7.3,56.78582,73.55629,90.0,0
Simulation_K40,220,7.333333333333333,57.002792,73.73283,90.0,0
Simulation_K40,221,7.366666666666666,57.227787,73.90284,90.0,0
Simulation_K40,222,7.4,57.46024,74.0666,90.0,0
Simulation_K40,223,7.433333333333334,57.698982,74.22309,90.0,0
Simulation_K40,224,7.466666666666667,57.941948,74.37142,90.0,0
Simulation_K40,225,7.5,58.188465,74.511475,90.0,0
Simulation_K40,226,7.533333333333333,58.438526,74.642715,90.0,0
Simulation_K40,227,7.566666666666666,58.692696,74.76465,90.0,0
Simulation_K40,228,7.6,58.950363,74.87644,90.0,0
Simulation_K40,229,7.633333333333334,59.210644,74.97761,90.0,0
Simulation_K40,230,7.666666666666667,59.47226,75.06803,90.0,0
Simulation_K40,231,7.7,59.73364,75.147644,90.0,0
Simulation_K40,232,7.733333333333333,59.993916,75.21722,90.0,0
Simulation_K40,233,7.766666666666667,60.252827,75.27752,90.0,0
Simulation_K40,234,7.8,60.511276,75.32877,90.0,0
Simulation_K40,235,7.833333333333333,60.768757,75.370415,90.0,0
Simulation_K40,236,7.866666666666666,61.024216,75.40308,90.0,0
Simulation_K40,237,7.9,61.27823,75.42757,90.0,0
Simulation_K40,238,7.933333333333334,61.529915,75.4447,90.0,0
Simulation_K40,239,7.966666666666667,61.778084,75.45618,90.0,0
